,SERRINHA,FAZENDAVISTAALEGRE,CARACARAI,OBIDOS_PORTO,ALTAMIRA,PORTOVELHO,MANACAPURU,ITAPEUA,NAZARATH,TABATINGA
1980-01-16 00:00:00,106126270.0,21191127000.0,18361452.0,9274360000.0,,28146252000.0,11401189000.0,13331247000.0,17404529000.0,17404529000.0
1980-02-15 00:00:00,111862210.0,23038210000.0,8693733.0,34965705000.0,,24501135000.0,15233358000.0,16545600000.0,24610351000.0,24610351000.0
1980-03-16 00:00:00,35493100.0,30342537000.0,5434217.5,50444660000.0,,24989350000.0,23570571000.0,25129250000.0,41098293000.0,41098293000.0
1980-04-15 12:00:00,61776824.0,23817122000.0,23125628.0,61323153000.0,,22709678000.0,41099870000.0,42701610000.0,53518475000.0,53518475000.0
1980-05-16 00:00:00,211397440.0,11863931000.0,67039284.0,37755806000.0,,12410714000.0,26515014000.0,26584822000.0,24273945000.0,24273945000.0
1980-06-15 12:00:00,347669060.0,9280925000.0,111245784.0,20803279000.0,,9562016000.0,9927934000.0,10266371000.0,11105226000.0,11105226000.0
1980-07-16 00:00:00,261929390.0,4353350000.0,131508610.0,13365539000.0,,6054218000.0,8124245500.0,8276994600.0,10928295000.0,10928295000.0
1980-08-16 00:00:00,191797630.0,7432637400.0,125412264.0,13923599000.0,,9192868000.0,7664886000.0,7921927000.0,6980590600.0,6980590600.0
1980-09-15 12:00:00,150907280.0,4189876700.0,69280830.0,8548393500.0,,5034878500.0,4461413400.0,4479056000.0,4128021500.0,4128021500.0
1980-10-16 00:00:00,191509900.0,5016548400.0,48897664.0,7661361700.0,,7297704000.0,4843522000.0,6548736000.0,20445727000.0,20445727000.0
1980-11-15 12:00:00,119126400.0,9851233000.0,29208896.0,33292294000.0,,13591337000.0,28125837000.0,28780782000.0,34173043000.0,34173043000.0
1980-12-16 00:00:00,175722820.0,20473979000.0,35691052.0,43260056000.0,,27771042000.0,32986667000.0,35647280000.0,50170294000.0,50170294000.0
1981-01-16 00:00:00,155796020.0,38249726000.0,27078638.0,59726852000.0,,46095024000.0,25345552000.0,25919100000.0,29193038000.0,29193038000.0
1981-02-14 12:00:00,54850070.0,30144449000.0,12045440.0,46512267000.0,,31543613000.0,20842947000.0,22236150000.0,35389395000.0,35389395000.0
1981-03-16 00:00:00,75827650.0,47903396000.0,24361256.0,127023310000.0,,48816697000.0,91217600000.0,94987354000.0,116344140000.0,116344140000.0
1981-04-15 12:00:00,92285896.0,32806590000.0,27719190.0,81671600000.0,,31057123000.0,50264690000.0,52088430000.0,63926657000.0,63926657000.0
1981-05-16 00:00:00,174541280.0,15435166000.0,174134080.0,53032900000.0,,15662203000.0,37351180000.0,36785586000.0,32843454000.0,32843454000.0
1981-06-15 12:00:00,345057630.0,10730840000.0,349709400.0,34975410000.0,,12576219000.0,24640244000.0,25288796000.0,29837162000.0,29837162000.0
1981-07-16 00:00:00,211008320.0,8496990700.0,383914560.0,32614463000.0,,8717410000.0,23538645000.0,23151080000.0,24031283000.0,24031283000.0
1981-08-16 00:00:00,193606600.0,4500327000.0,304228450.0,14358070000.0,,5584796000.0,9368459000.0,10117455000.0,14586247000.0,14586247000.0
1981-09-15 12:00:00,311650700.0,4752526300.0,204908370.0,16815645000.0,,5585946000.0,12859990000.0,13043030000.0,12931123000.0,12931123000.0
1981-10-16 00:00:00,235976030.0,4734405000.0,110103200.0,11530028000.0,,10079101000.0,8532419000.0,9743880000.0,19110294000.0,19110294000.0
1981-11-15 12:00:00,172468400.0,15219682000.0,82179780.0,35688325000.0,,17716605000.0,27517034000.0,30085830000.0,48834370000.0,48834370000.0
1981-12-16 00:00:00,130236640.0,18200371000.0,42511260.0,55715488000.0,,24590612000.0,46631784000.0,48225903000.0,54195930000.0,54195930000.0
1982-01-16 00:00:00,185809810.0,38222610000.0,26155462.0,84368474000.0,,36755410000.0,52007280000.0,53217354000.0,66942607000.0,66942607000.0
1982-02-14 12:00:00,91156264.0,31318614000.0,20441018.0,75336970000.0,,33305457000.0,49946296000.0,51965792000.0,59248927000.0,59248927000.0
1982-03-16 00:00:00,154344750.0,39318550000.0,36313364.0,93577420000.0,,37112960000.0,58162266000.0,60880160000.0,78407470000.0,78407470000.0
1982-04-15 12:00:00,112203700.0,55120200000.0,27335582.0,128168360000.0,,52939858000.0,76602030000.0,77977210000.0,82010290000.0,82010290000.0
1982-05-16 00:00:00,319402750.0,21483890000.0,218454880.0,64778654000.0,,20609706000.0,40990953000.0,40362620000.0,47339848000.0,47339848000.0
1982-06-15 12:00:00,436435900.0,8781283000.0,209955360.0,45503594000.0,,11006027000.0,36136000000.0,36550308000.0,32455873000.0,32455873000.0
1982-07-16 00:00:00,318742980.0,12717876000.0,133560630.0,32361980000.0,,12220158000.0,20383205000.0,20865341000.0,24414165000.0,24414165000.0
1982-08-16 00:00:00,357570240.0,6711072000.0,107403510.0,23962590000.0,,7416117000.0,17948640000.0,18274324000.0,16638505000.0,16638505000.0
1982-09-15 12:00:00,247689040.0,2627274000.0,61078400.0,11095737000.0,,2928551200.0,7951134700.0,7907595000.0,6335614000.0,6335614000.0
1982-10-16 00:00:00,177943310.0,4729089000.0,35459132.0,12902807000.0,,5822926300.0,10711254000.0,11987190000.0,18747904000.0,18747904000.0
1982-11-15 12:00:00,220047980.0,16374403000.0,30327112.0,36273830000.0,,31493253000.0,26091911000.0,27886156000.0,46420005000.0,46420005000.0
1982-12-16 00:00:00,140676740.0,44360864000.0,17847870.0,90794885000.0,,40207050000.0,63019442000.0,65899532000.0,75752970000.0,75752970000.0
1983-01-16 00:00:00,165011440.0,24821588000.0,15577044.0,73268350000.0,,22619542000.0,44144440000.0,44352668000.0,52702958000.0,52702958000.0
1983-02-14 12:00:00,67604530.0,16163943000.0,6209860.0,45951220000.0,,25397070000.0,35165740000.0,37913530000.0,43631670000.0,43631670000.0
1983-03-16 00:00:00,61485510.0,34856990000.0,7144854.0,66307092000.0,,28152700000.0,33653604000.0,33719695000.0,45290800000.0,45290800000.0
1983-04-15 12:00:00,213274160.0,10612789000.0,34969464.0,52292330000.0,,15097981000.0,43857932000.0,45948105000.0,56232000000.0,56232000000.0
1983-05-16 00:00:00,362878530.0,19578026000.0,76791384.0,51232590000.0,,17869545000.0,32899779000.0,32786637000.0,39725593000.0,39725593000.0
1983-06-15 12:00:00,228124160.0,11101312000.0,50176144.0,36378337000.0,,10812376000.0,25146857000.0,25735460000.0,24413424000.0,24413424000.0
1983-07-16 00:00:00,274527550.0,9084625000.0,52273044.0,19807443000.0,,14644659000.0,11551842000.0,11467420000.0,11920243000.0,11920243000.0
1983-08-16 00:00:00,200291580.0,20946690000.0,29752984.0,26912950000.0,,21041275000.0,8256766500.0,8601926000.0,8360492500.0,8360492500.0
1983-09-15 12:00:00,285556740.0,7269814000.0,34789276.0,12192775000.0,,7845837300.0,4607044600.0,4764587000.0,5130726000.0,5130726000.0
1983-10-16 00:00:00,165751060.0,5396825000.0,12280640.0,8588880000.0,,7397941000.0,4088688400.0,4395290600.0,7831604700.0,7831604700.0
1983-11-15 12:00:00,237604980.0,8177349600.0,11198695.0,16273756000.0,,9302238000.0,10568728000.0,11303726000.0,13563522000.0,13563522000.0
1983-12-16 00:00:00,73394940.0,6550328300.0,5062020.5,16662769000.0,,7908372500.0,12299475000.0,13421719000.0,20353300000.0,20353300000.0
1984-01-16 00:00:00,154987660.0,17528697000.0,9072224.0,34015170000.0,,21688564000.0,20483142000.0,21360574000.0,30180348000.0,30180348000.0
1984-02-15 00:00:00,241197800.0,40599114000.0,10191770.0,69708470000.0,,49172845000.0,42631623000.0,45790826000.0,77513286000.0,77513286000.0
1984-03-16 00:00:00,180620900.0,58668405000.0,5249108.0,156049210000.0,,58458160000.0,102656360000.0,105068450000.0,115724010000.0,115724010000.0
1984-04-15 12:00:00,56934176.0,41504236000.0,3655140.5,109777200000.0,,40694608000.0,72083090000.0,73374600000.0,82743500000.0,82743500000.0
1984-05-16 00:00:00,162556750.0,22431412000.0,82559310.0,76115436000.0,,21152604000.0,51190714000.0,51456240000.0,53516382000.0,53516382000.0
1984-06-15 12:00:00,264828800.0,8984279000.0,117334300.0,34368890000.0,,9665529000.0,25769503000.0,26635870000.0,33314888000.0,33314888000.0
1984-07-16 00:00:00,391360400.0,9310679000.0,270892580.0,34371970000.0,,12579444000.0,27713888000.0,28037180000.0,33626997000.0,33626997000.0
1984-08-16 00:00:00,392184100.0,8598457000.0,241344690.0,32914436000.0,,8803580000.0,23273017000.0,23626045000.0,23044170000.0,23044170000.0
1984-09-15 12:00:00,265012130.0,5960088000.0,132177730.0,17056158000.0,,7017326000.0,11782039000.0,12016385000.0,14341070000.0,14341070000.0
1984-10-16 00:00:00,314225100.0,4275799300.0,81843900.0,14204278000.0,,6436163600.0,11164257000.0,11611539000.0,15916136000.0,15916136000.0
1984-11-15 12:00:00,225999200.0,17281964000.0,42423356.0,30083290000.0,,23064396000.0,17138707000.0,18181566000.0,24973924000.0,24973924000.0
1984-12-16 00:00:00,161410750.0,30831225000.0,44188148.0,53926900000.0,,35637570000.0,31365894000.0,34030084000.0,48822346000.0,48822346000.0
1985-01-16 00:00:00,243217310.0,30634910000.0,28247858.0,50090710000.0,,30252952000.0,19953183000.0,19552340000.0,24619280000.0,24619280000.0
1985-02-14 12:00:00,117277180.0,25665890000.0,10817841.0,37422453000.0,,32962093000.0,15744097000.0,16437573000.0,21167423000.0,21167423000.0
1985-03-16 00:00:00,71758030.0,45361810000.0,4697633.0,65783374000.0,,44203254000.0,24681687000.0,26158344000.0,39587627000.0,39587627000.0
1985-04-15 12:00:00,118981970.0,25126425000.0,4768223.5,44934170000.0,,28543873000.0,24015163000.0,25790597000.0,32537910000.0,32537910000.0
1985-05-16 00:00:00,75207500.0,28594942000.0,33833496.0,49719837000.0,,25958828000.0,20098400000.0,19767140000.0,29950587000.0,29950587000.0
1985-06-15 12:00:00,292373380.0,9922133000.0,101318700.0,29200284000.0,,11640375000.0,18443477000.0,18673656000.0,15532692000.0,15532692000.0
1985-07-16 00:00:00,448208800.0,12597034000.0,184550910.0,21065353000.0,,14512617000.0,9852666000.0,10123322000.0,12337015000.0,12337015000.0
1985-08-16 00:00:00,339751000.0,9007593000.0,289389600.0,16280261000.0,,9595548000.0,7003262000.0,7103646000.0,5940315600.0,5940315600.0
1985-09-15 12:00:00,184592460.0,4580083700.0,183841170.0,8990129000.0,,7489345500.0,4876041000.0,5019364400.0,4269215700.0,4269215700.0
1985-10-16 00:00:00,293028480.0,11946344000.0,96199064.0,16305069000.0,,15337362000.0,7668655600.0,8467703300.0,13613342000.0,13613342000.0
1985-11-15 12:00:00,180322080.0,17804546000.0,46751172.0,22460617000.0,,21054249000.0,5992029700.0,6041100300.0,19989322000.0,19989322000.0
1985-12-16 00:00:00,125464080.0,19161074000.0,59331956.0,31326896000.0,,29387844000.0,16235462000.0,17207214000.0,16160027000.0,16160027000.0
1986-01-16 00:00:00,173806600.0,44351630000.0,24381826.0,61875278000.0,,45107757000.0,26221027000.0,28332847000.0,42789188000.0,42789188000.0
1986-02-14 12:00:00,103735150.0,22882890000.0,12688911.0,45213130000.0,,21029487000.0,21903810000.0,22709770000.0,31321135000.0,31321135000.0
1986-03-16 00:00:00,116111390.0,38360564000.0,24153550.0,85975270000.0,,42256146000.0,56954434000.0,60458500000.0,88999350000.0,88999350000.0
1986-04-15 12:00:00,188354190.0,33635670000.0,11054058.0,99180170000.0,,32076530000.0,70374195000.0,72229820000.0,82555530000.0,82555530000.0
1986-05-16 00:00:00,66310580.0,18201997000.0,14710328.0,64310972000.0,,19761148000.0,45794700000.0,46191030000.0,45661946000.0,45661946000.0
1986-06-15 12:00:00,268020340.0,15279122000.0,285864540.0,37030633000.0,,16537170000.0,22165342000.0,22138530000.0,25082933000.0,25082933000.0
1986-07-16 00:00:00,557735500.0,5926871600.0,327302140.0,19050865000.0,,9088947000.0,10627724000.0,10272535000.0,9328554000.0,9328554000.0
1986-08-16 00:00:00,405999100.0,8522061000.0,132164856.0,18175308000.0,,7857033700.0,10342856000.0,10753021000.0,10320862000.0,10320862000.0
1986-09-15 12:00:00,173510670.0,3272527400.0,60865684.0,10138568000.0,,4860981000.0,6755022000.0,7036707000.0,8093977600.0,8093977600.0
1986-10-16 00:00:00,158017500.0,12447294000.0,41195052.0,21226037000.0,,17303341000.0,12665889000.0,13479584000.0,20726598000.0,20726598000.0
1986-11-15 12:00:00,271558240.0,7705691600.0,60884244.0,19837480000.0,,8677223000.0,14075994000.0,15503941000.0,19585522000.0,19585522000.0
1986-12-16 00:00:00,232699740.0,8123527700.0,31245152.0,23060365000.0,,10962418000.0,18043814000.0,18509406000.0,27454800000.0,27454800000.0
1987-01-16 00:00:00,167030940.0,18366024000.0,13311517.0,39252963000.0,,25725905000.0,25491331000.0,26689708000.0,33586584000.0,33586584000.0
1987-02-14 12:00:00,96681610.0,32562954000.0,8769770.0,65820357000.0,,33027066000.0,39111220000.0,42010145000.0,62531064000.0,62531064000.0
1987-03-16 00:00:00,148628180.0,17944180000.0,22974656.0,63735510000.0,,18284388000.0,46262637000.0,45877830000.0,42397225000.0,42397225000.0
1987-04-15 12:00:00,104904650.0,14693763000.0,15072288.0,36053280000.0,,18422872000.0,22361002000.0,22335336000.0,23883657000.0,23883657000.0
1987-05-16 00:00:00,267269400.0,14542616000.0,110373530.0,43649176000.0,,13218326000.0,31120120000.0,32164588000.0,38541824000.0,38541824000.0
1987-06-15 12:00:00,228129810.0,5386484000.0,154425440.0,20346161000.0,,5172813000.0,13694650000.0,13591424000.0,13218731000.0,13218731000.0
1987-07-16 00:00:00,410299840.0,17744843000.0,132856990.0,30211561000.0,,21949116000.0,14157539000.0,14505522000.0,17465170000.0,17465170000.0
1987-08-16 00:00:00,368856770.0,7367824000.0,107868440.0,18552005000.0,,9736888000.0,12094548000.0,12553440000.0,12729227000.0,12729227000.0
1987-09-15 12:00:00,294017060.0,3132876800.0,73567860.0,8062984000.0,,3930884000.0,5007954400.0,5051429400.0,3426531800.0,3426531800.0
1987-10-16 00:00:00,242721280.0,2269812700.0,49478200.0,5594994000.0,,6200989700.0,3848657200.0,3985766400.0,5001144300.0,5001144300.0
1987-11-15 12:00:00,201356940.0,9596541000.0,32572322.0,17026842000.0,,18610676000.0,10710991000.0,11577574000.0,18654243000.0,18654243000.0
1987-12-16 00:00:00,98496740.0,32595670000.0,18733756.0,46645797000.0,,33299126000.0,21571320000.0,23830178000.0,40332520000.0,40332520000.0
1988-01-16 00:00:00,83491000.0,17290620000.0,17846150.0,34372240000.0,,20069976000.0,18966628000.0,18553213000.0,26624279000.0,26624279000.0
1988-02-15 00:00:00,166390780.0,26383590000.0,10765564.0,56387680000.0,,24846948000.0,37153137000.0,41079263000.0,56637400000.0,56637400000.0
1988-03-16 00:00:00,227980430.0,24111350000.0,7212527.0,58248073000.0,,25948692000.0,36883587000.0,36987675000.0,40846100000.0,40846100000.0
1988-04-15 12:00:00,46837736.0,41938924000.0,3130659.0,67373384000.0,,40974975000.0,27929547000.0,29878096000.0,41660080000.0,41660080000.0
1988-05-16 00:00:00,140475380.0,21338757000.0,13951442.0,56257806000.0,,23083926000.0,35824190000.0,35016480000.0,34069230000.0,34069230000.0
1988-06-15 12:00:00,266732830.0,12198578000.0,116577330.0,30731550000.0,,12174086000.0,17418938000.0,17304381000.0,17304244000.0,17304244000.0
1988-07-16 00:00:00,543110660.0,4769672000.0,361463840.0,13856309000.0,,4763179000.0,7609941500.0,7889268700.0,9105662000.0,9105662000.0
1988-08-16 00:00:00,352580640.0,2596502300.0,489936300.0,9392101000.0,,2948934700.0,6145816000.0,6166247400.0,4573874700.0,4573874700.0
1988-09-15 12:00:00,195213440.0,1370826000.0,342582880.0,5716693000.0,,1943719800.0,3512831500.0,3491928000.0,2659519000.0,2659519000.0
1988-10-16 00:00:00,299558200.0,3675208400.0,121350460.0,6905436000.0,,5967711700.0,4002541000.0,4416212500.0,6167171000.0,6167171000.0
1988-11-15 12:00:00,133269340.0,4967806500.0,77379930.0,9717900000.0,,7609965600.0,6438840000.0,6850616300.0,12928418000.0,12928418000.0
1988-12-16 00:00:00,264867400.0,8212771300.0,86435736.0,18940533000.0,,18863440000.0,12701301000.0,13299466000.0,19025793000.0,19025793000.0
1989-01-16 00:00:00,171258780.0,33253476000.0,96022600.0,57090662000.0,,34224488000.0,34528950000.0,37330340000.0,52823245000.0,52823245000.0
1989-02-14 12:00:00,116350180.0,28493263000.0,39231224.0,56116930000.0,,29683940000.0,28886606000.0,29993114000.0,39859830000.0,39859830000.0
1989-03-16 00:00:00,213114160.0,42178515000.0,51827384.0,89870710000.0,,42725360000.0,53581270000.0,56453337000.0,71054460000.0,71054460000.0
1989-04-15 12:00:00,184307280.0,25352870000.0,110964510.0,74368350000.0,,27435454000.0,51944796000.0,52120244000.0,61895450000.0,61895450000.0
1989-05-16 00:00:00,169383150.0,22346620000.0,57290064.0,56747940000.0,,23098112000.0,34688400000.0,34851967000.0,33356210000.0,33356210000.0
1989-06-15 12:00:00,307127840.0,22853149000.0,155001710.0,45630290000.0,,25419452000.0,24033309000.0,24267250000.0,26418547000.0,26418547000.0
1989-07-16 00:00:00,574593660.0,8675840000.0,299192500.0,29276955000.0,,9391520000.0,19510129000.0,19683332000.0,19659720000.0,19659720000.0
1989-08-16 00:00:00,496868380.0,3954265000.0,199179340.0,14637814000.0,,4212717000.0,9946275000.0,9978771000.0,7749534700.0,7749534700.0
1989-09-15 12:00:00,338579260.0,2868502800.0,105374140.0,8412387000.0,,3710293000.0,5353003000.0,5496018000.0,4957324000.0,4957324000.0
1989-10-16 00:00:00,195651330.0,6567558700.0,82477180.0,11269258000.0,,10738333000.0,6376043500.0,6837838300.0,15311955000.0,15311955000.0
1989-11-15 12:00:00,275786660.0,5196028000.0,132112690.0,30083630000.0,,5274988500.0,28952363000.0,30972860000.0,36523926000.0,36523926000.0
1989-12-16 00:00:00,231119730.0,3800261600.0,118600010.0,15273188000.0,,6917932000.0,11179175000.0,10871382000.0,10433616000.0,10433616000.0
1990-01-16 00:00:00,132481130.0,29156424000.0,41270290.0,37701976000.0,,32979479000.0,14415912000.0,16486258000.0,34785714000.0,34785714000.0
1990-02-14 12:00:00,244414000.0,23322590000.0,20340422.0,50414068000.0,,26165844000.0,32863597000.0,34125654000.0,42914010000.0,42914010000.0
1990-03-16 00:00:00,90325790.0,35032805000.0,27123544.0,62144524000.0,,35021066000.0,29595939000.0,30892866000.0,37513826000.0,37513826000.0
1990-04-15 12:00:00,104354020.0,23215813000.0,32325214.0,48186760000.0,,24405725000.0,25533299000.0,25188014000.0,30311262000.0,30311262000.0
1990-05-16 00:00:00,319753630.0,11984164000.0,186734190.0,35214635000.0,,12860721000.0,23853660000.0,24430225000.0,23799085000.0,23799085000.0
1990-06-15 12:00:00,504110700.0,29615335000.0,223956240.0,44489196000.0,,41910110000.0,16648980000.0,18988130000.0,27407827000.0,27407827000.0
1990-07-16 00:00:00,411065100.0,29447737000.0,307838500.0,59948820000.0,,27252830000.0,33018528000.0,31876444000.0,32345752000.0,32345752000.0
1990-08-16 00:00:00,274489250.0,7455197700.0,260137060.0,19066500000.0,,7448282600.0,10784852000.0,10759036000.0,6926684000.0,6926684000.0
1990-09-15 12:00:00,330179520.0,4095003000.0,144540100.0,9534250000.0,,4367839000.0,5658622000.0,5962657000.0,6895470600.0,6895470600.0
1990-10-16 00:00:00,118374260.0,2738740200.0,59664110.0,7599099400.0,,5972767000.0,5803187000.0,6274190300.0,13915048000.0,13915048000.0
1990-11-15 12:00:00,138266670.0,12718000000.0,46138972.0,30392275000.0,,15628193000.0,23492897000.0,25889882000.0,37351916000.0,37351916000.0
1990-12-16 00:00:00,295766270.0,15968487000.0,24446954.0,53243820000.0,,24838607000.0,43852060000.0,45510450000.0,62055756000.0,62055756000.0
1991-01-16 00:00:00,302426720.0,35368200000.0,30824306.0,74707630000.0,,31674653000.0,44848816000.0,46227804000.0,54486557000.0,54486557000.0
1991-02-14 12:00:00,118641660.0,23626360000.0,15884437.0,41416626000.0,,29990080000.0,21687663000.0,22193934000.0,27124175000.0,27124175000.0
1991-03-16 00:00:00,56587012.0,28997607000.0,12006959.0,53451665000.0,,27737000000.0,27450770000.0,30160564000.0,45687276000.0,45687276000.0
1991-04-15 12:00:00,107267820.0,23442803000.0,11515333.0,58779030000.0,,22185964000.0,37313806000.0,38075175000.0,46414660000.0,46414660000.0
1991-05-16 00:00:00,216995860.0,9987622000.0,19578204.0,43512484000.0,,9073323000.0,32504693000.0,32345504000.0,28630557000.0,28630557000.0
1991-06-15 12:00:00,175379900.0,35587380000.0,123338936.0,47567250000.0,,39145910000.0,11589847000.0,12381298000.0,18048547000.0,18048547000.0
1991-07-16 00:00:00,386836900.0,7064517600.0,294364700.0,27772290000.0,,9554038000.0,21323053000.0,20760400000.0,21249266000.0,21249266000.0
1991-08-16 00:00:00,574781500.0,3577365000.0,246654690.0,15350259000.0,,2916290600.0,10756047000.0,11020073000.0,9488193000.0,9488193000.0
1991-09-15 12:00:00,347705400.0,2733856000.0,131713920.0,6417345000.0,,6198117000.0,4166006300.0,4180680400.0,4079572200.0,4079572200.0
1991-10-16 00:00:00,210010510.0,4579795000.0,43381616.0,13690884000.0,,7221903000.0,10594999000.0,11753277000.0,15136140000.0,15136140000.0
1991-11-15 12:00:00,137753550.0,12166878000.0,24669926.0,18100636000.0,,15081938000.0,9092877000.0,10199822000.0,18509736000.0,18509736000.0
1991-12-16 00:00:00,131526380.0,12071658000.0,14707294.0,26672940000.0,,16215388000.0,17708683000.0,18317562000.0,22986471000.0,22986471000.0
1992-01-16 00:00:00,194551950.0,28610324000.0,18634016.0,38086540000.0,,38595084000.0,17159918000.0,17929658000.0,25105422000.0,25105422000.0
1992-02-15 00:00:00,41999804.0,20287273000.0,7337355.0,27352520000.0,,24549495000.0,7570736000.0,7551908400.0,10237531000.0,10237531000.0
1992-03-16 00:00:00,71422490.0,38262178000.0,11541896.0,50091565000.0,,32740426000.0,15253131000.0,16301183000.0,26111308000.0,26111308000.0
1992-04-15 12:00:00,122504080.0,20037540000.0,7845142.5,38198990000.0,,20131529000.0,19195363000.0,19783606000.0,29348397000.0,29348397000.0
1992-05-16 00:00:00,200424960.0,10319030000.0,17618162.0,29879087000.0,,10077741000.0,20359963000.0,21063993000.0,19920933000.0,19920933000.0
1992-06-15 12:00:00,291281380.0,33339847000.0,38531344.0,35376247000.0,,40821596000.0,10893907000.0,11786518000.0,14883871000.0,14883871000.0
1992-07-16 00:00:00,245852820.0,33233990000.0,82091530.0,44243760000.0,,37620703000.0,10201227000.0,10397992000.0,13708596000.0,13708596000.0
1992-08-16 00:00:00,199289070.0,10245817000.0,106061520.0,19395120000.0,,16719514000.0,7948481500.0,7734827000.0,5517117000.0,5517117000.0
1992-09-15 12:00:00,298782530.0,15317281000.0,38504956.0,22436280000.0,,14311695000.0,10621208000.0,11545586000.0,16766096000.0,16766096000.0
1992-10-16 00:00:00,105072690.0,17916238000.0,14727224.0,24168915000.0,,24577786000.0,8374820000.0,8812097000.0,14337597000.0,14337597000.0
1992-11-15 12:00:00,125316936.0,15588439000.0,10782682.0,22225870000.0,,21865673000.0,9742757000.0,9980489000.0,14312780000.0,14312780000.0
1992-12-16 00:00:00,252645440.0,25575565000.0,13120378.0,45368560000.0,,23382047000.0,24830353000.0,26748715000.0,36245697000.0,36245697000.0
1993-01-16 00:00:00,243210800.0,31880577000.0,7409790.0,44914560000.0,,36973736000.0,19081402000.0,19495135000.0,29812337000.0,29812337000.0
1993-02-14 12:00:00,65845944.0,36558377000.0,5622713.5,73954940000.0,,34086260000.0,43073217000.0,46955725000.0,65848803000.0,65848803000.0
1993-03-16 00:00:00,114108440.0,27762354000.0,9053869.0,81972890000.0,,31816624000.0,60818584000.0,61724290000.0,87757430000.0,87757430000.0
1993-04-15 12:00:00,198125890.0,41314267000.0,13577885.0,122469580000.0,,40956764000.0,86528400000.0,89907160000.0,104959370000.0,104959370000.0
1993-05-16 00:00:00,267511860.0,21193583000.0,130173490.0,78388080000.0,,23665641000.0,57005300000.0,57012216000.0,54920495000.0,54920495000.0
1993-06-15 12:00:00,292519070.0,26276380000.0,156739360.0,60759580000.0,,27024826000.0,36895957000.0,38103286000.0,43311964000.0,43311964000.0
1993-07-16 00:00:00,556038800.0,7966332400.0,192753740.0,26041088000.0,,7839709700.0,17317413000.0,17459667000.0,19469025000.0,19469025000.0
1993-08-16 00:00:00,336470820.0,9554164000.0,129004900.0,22432172000.0,,13837281000.0,13319675000.0,13229773000.0,15463367000.0,15463367000.0
1993-09-15 12:00:00,112583990.0,13018846000.0,72566110.0,24127197000.0,,15907899000.0,13329682000.0,13915738000.0,12970584000.0,12970584000.0
1993-10-16 00:00:00,116032350.0,7912011000.0,38646810.0,21911622000.0,,12520321000.0,16583185000.0,17588030000.0,23796050000.0,23796050000.0
1993-11-15 12:00:00,284302850.0,23950074000.0,49979868.0,41349136000.0,,27754883000.0,24515207000.0,27358118000.0,43850363000.0,43850363000.0
1993-12-16 00:00:00,377152160.0,27539773000.0,49216524.0,67813720000.0,,35218706000.0,52378448000.0,57405526000.0,86822490000.0,86822490000.0
1994-01-16 00:00:00,92814000.0,47567524000.0,13930345.0,122188220000.0,,51771335000.0,81795350000.0,82805000000.0,96349090000.0,96349090000.0
1994-02-14 12:00:00,65161104.0,31789994000.0,9170204.0,87937630000.0,,29988665000.0,58566304000.0,60123386000.0,71377625000.0,71377625000.0
1994-03-16 00:00:00,155325490.0,38628385000.0,36691430.0,98220230000.0,,42598728000.0,63690260000.0,64351550000.0,81035846000.0,81035846000.0
1994-04-15 12:00:00,379841570.0,31645082000.0,13625864.0,107423370000.0,,32264890000.0,82207240000.0,85430120000.0,99934130000.0,99934130000.0
1994-05-16 00:00:00,132702270.0,24189776000.0,52804160.0,80033850000.0,,25816023000.0,58297197000.0,59179460000.0,64052494000.0,64052494000.0
1994-06-15 12:00:00,293096400.0,11273886000.0,98574400.0,47791546000.0,,12852700000.0,35736560000.0,35665930000.0,36814447000.0,36814447000.0
1994-07-16 00:00:00,425376740.0,7521426400.0,198867380.0,30743843000.0,,7778386000.0,22487908000.0,22823901000.0,25069097000.0,25069097000.0
1994-08-16 00:00:00,312752640.0,4547068000.0,176691090.0,16358279000.0,,5265300000.0,10770293000.0,10665329000.0,12608884000.0,12608884000.0
1994-09-15 12:00:00,547366000.0,1984403500.0,117637930.0,11974108000.0,,2197583000.0,9431702000.0,9681673000.0,9149524000.0,9149524000.0
1994-10-16 00:00:00,334799940.0,3879073800.0,60924560.0,13111390000.0,,7186171000.0,10704418000.0,11242079000.0,15122513000.0,15122513000.0
1994-11-15 12:00:00,289452540.0,15193400000.0,53569996.0,29269768000.0,,21568936000.0,20613421000.0,22992320000.0,37988560000.0,37988560000.0
1994-12-16 00:00:00,245888430.0,15586907000.0,27921832.0,36487310000.0,,19447896000.0,23515754000.0,23706968000.0,35828167000.0,35828167000.0
1995-01-16 00:00:00,241894060.0,34379313000.0,12997187.0,87292110000.0,,33221081000.0,66114142000.0,73329090000.0,102677470000.0,102677470000.0
1995-02-14 12:00:00,80276670.0,21852146000.0,5327743.0,52844320000.0,,22476265000.0,30449461000.0,27700023000.0,20045416000.0,20045416000.0
1995-03-16 00:00:00,68545040.0,34770540000.0,41764464.0,59884330000.0,,41474015000.0,33738504000.0,37597307000.0,62620970000.0,62620970000.0
1995-04-15 12:00:00,74518330.0,53115273000.0,33707220.0,101127660000.0,,47610925000.0,52744790000.0,54635710000.0,69710960000.0,69710960000.0
1995-05-16 00:00:00,168198580.0,24770908000.0,22393488.0,57895485000.0,,24822077000.0,33114708000.0,32801511000.0,35484426000.0,35484426000.0
1995-06-15 12:00:00,349842400.0,9421454000.0,140008910.0,33514123000.0,,12149924000.0,23610237000.0,23401820000.0,19138666000.0,19138666000.0
1995-07-16 00:00:00,594136200.0,11332104000.0,304500400.0,23524463000.0,,14228488000.0,14069074000.0,14309780000.0,16070532000.0,16070532000.0
1995-08-16 00:00:00,552645760.0,9340933000.0,215988200.0,22344776000.0,,9970058000.0,10556980000.0,10960554000.0,11549988000.0,11549988000.0
1995-09-15 12:00:00,439532060.0,4016387800.0,83733810.0,7273112000.0,,7525137000.0,3735986400.0,3666469600.0,3078294500.0,3078294500.0
1995-10-16 00:00:00,336983460.0,8134239000.0,50766940.0,11961995000.0,,10045864000.0,4572840400.0,5125690400.0,10250986000.0,10250986000.0
1995-11-15 12:00:00,133351270.0,10123008000.0,37044684.0,12374843000.0,,15989304000.0,8167779300.0,8847349000.0,21001370000.0,21001370000.0
1995-12-16 00:00:00,230687170.0,22099520000.0,43882764.0,40044765000.0,,24214227000.0,20466893000.0,22566463000.0,26900191000.0,26900191000.0
1996-01-16 00:00:00,244126000.0,23912712000.0,46044492.0,44018460000.0,,35448693000.0,28801565000.0,29715161000.0,49331802000.0,49331802000.0
1996-02-15 00:00:00,252726780.0,63301390000.0,28942324.0,103866390000.0,,63978324000.0,52568050000.0,57305444000.0,76628370000.0,76628370000.0
1996-03-16 00:00:00,558295600.0,43358320000.0,51110500.0,104974640000.0,,46941010000.0,63398990000.0,63902204000.0,70879170000.0,70879170000.0
1996-04-15 12:00:00,119624660.0,44186950000.0,27087832.0,92765990000.0,,42550383000.0,55591160000.0,59659240000.0,82817114000.0,82817114000.0
1996-05-16 00:00:00,302359870.0,20278944000.0,65191004.0,70293640000.0,,21751050000.0,48683630000.0,47459262000.0,48477053000.0,48477053000.0
1996-06-15 12:00:00,697603260.0,9927693000.0,364734880.0,39328520000.0,,11111025000.0,28933390000.0,28888914000.0,25289353000.0,25289353000.0
1996-07-16 00:00:00,863058240.0,9507002000.0,410616900.0,22592838000.0,,9515949000.0,10888803000.0,10769328000.0,11742862000.0,11742862000.0
1996-08-16 00:00:00,703675100.0,6192809000.0,320781220.0,14853993000.0,,8314709000.0,9221239000.0,9743598000.0,9412404000.0,9412404000.0
1996-09-15 12:00:00,558586240.0,7329206300.0,196793460.0,12994515000.0,,10406066000.0,5957713400.0,6100722700.0,6076249600.0,6076249600.0
1996-10-16 00:00:00,468931400.0,11518516000.0,91562050.0,15549019000.0,,16120442000.0,7327700000.0,8611109000.0,16560763000.0,16560763000.0
1996-11-15 12:00:00,254133310.0,17045104000.0,56077616.0,27184445000.0,,22636696000.0,18562790000.0,19593454000.0,24674240000.0,24674240000.0
1996-12-16 00:00:00,488297300.0,16920462000.0,56784228.0,34189920000.0,,27055230000.0,15035849000.0,16514362000.0,27959493000.0,27959493000.0
1997-01-16 00:00:00,123913570.0,61061874000.0,18796032.0,69971460000.0,,62281600000.0,17922503000.0,17609105000.0,32268786000.0,32268786000.0
1997-02-14 12:00:00,225845310.0,40902857000.0,25458406.0,57803784000.0,,49888297000.0,26070708000.0,29684785000.0,47133827000.0,47133827000.0
1997-03-16 00:00:00,488757570.0,79784830000.0,30019188.0,160187400000.0,,85928840000.0,87161520000.0,90245560000.0,109901816000.0,109901816000.0
1997-04-15 12:00:00,86774904.0,66986380000.0,10549080.0,117032700000.0,,61484940000.0,52475740000.0,52756590000.0,54352150000.0,54352150000.0
1997-05-16 00:00:00,352359550.0,31025766000.0,49362990.0,70487520000.0,,31804955000.0,40795423000.0,40602194000.0,41314615000.0,41314615000.0
1997-06-15 12:00:00,657358200.0,16376511000.0,69792120.0,44915835000.0,,17228237000.0,28384137000.0,29390119000.0,30326915000.0,30326915000.0
1997-07-16 00:00:00,334285860.0,20183964000.0,110475310.0,36472426000.0,,25515457000.0,18731820000.0,18775919000.0,18188409000.0,18188409000.0
1997-08-16 00:00:00,517597200.0,12942160000.0,92329470.0,21527728000.0,,14352496000.0,8479048700.0,8970125000.0,10957010000.0,10957010000.0
1997-09-15 12:00:00,307243650.0,5060773400.0,35324068.0,14961260000.0,,6167616000.0,10197016000.0,10341811000.0,9100414000.0,9100414000.0
1997-10-16 00:00:00,272385730.0,12774036000.0,13335625.0,24083511000.0,,17986736000.0,16454175000.0,17762984000.0,28644866000.0,28644866000.0
1997-11-15 12:00:00,170541260.0,14045606000.0,18095152.0,23578171000.0,,18766248000.0,14064396000.0,16612781000.0,27618849000.0,27618849000.0
1997-12-16 00:00:00,310228450.0,25960490000.0,11016951.0,50714730000.0,,39097946000.0,35150496000.0,37233345000.0,70667160000.0,70667160000.0
1998-01-16 00:00:00,124422350.0,51304833000.0,6516824.5,104115050000.0,,54370780000.0,68369300000.0,71779870000.0,76552315000.0,76552315000.0
1998-02-14 12:00:00,157237630.0,26108830000.0,3173947.0,56626946000.0,,36165734000.0,33214456000.0,36665934000.0,50235720000.0,50235720000.0
1998-03-16 00:00:00,427187070.0,68134860000.0,3654093.5,132483370000.0,,61283490000.0,78000010000.0,81297400000.0,106461640000.0,106461640000.0
1998-04-15 12:00:00,96896210.0,29513134000.0,34415464.0,101193390000.0,,35890807000.0,73385976000.0,74813010000.0,86962020000.0,86962020000.0
1998-05-16 00:00:00,433795740.0,31605897000.0,84372290.0,95841450000.0,,31554400000.0,66587947000.0,65071790000.0,60755083000.0,60755083000.0
1998-06-15 12:00:00,960176830.0,7581218000.0,276146880.0,37486817000.0,,16269668000.0,27305070000.0,27675038000.0,31386145000.0,31386145000.0
1998-07-16 00:00:00,784410200.0,18884903000.0,318886370.0,38505873000.0,,15880760000.0,21349745000.0,22126447000.0,25929550000.0,25929550000.0
1998-08-16 00:00:00,498459870.0,4200571100.0,252221040.0,16946215000.0,,5316762000.0,12916479000.0,13486553000.0,13365465000.0,13365465000.0
1998-09-15 12:00:00,648871550.0,2769179100.0,112875710.0,11533094000.0,,3172511000.0,8364190700.0,8277892600.0,8634888000.0,8634888000.0
1998-10-16 00:00:00,415296350.0,4200450600.0,78645290.0,7647836700.0,,11171511000.0,4755564000.0,4972672500.0,8116859000.0,8116859000.0
1998-11-15 12:00:00,440587940.0,32088467000.0,46519404.0,55846162000.0,,48665420000.0,38279983000.0,42160080000.0,75359600000.0,75359600000.0
1998-12-16 00:00:00,156567620.0,38880023000.0,44761344.0,66871720000.0,,38471150000.0,33574009000.0,35665080000.0,45891170000.0,45891170000.0
1999-01-16 00:00:00,417861600.0,26789251000.0,60204004.0,57298930000.0,,26501319000.0,38407025000.0,42112487000.0,55949870000.0,55949870000.0
1999-02-14 12:00:00,812001540.0,37186466000.0,85217350.0,82654260000.0,,43938083000.0,55709467000.0,56716860000.0,89237635000.0,89237635000.0
1999-03-16 00:00:00,721192640.0,76005140000.0,88305510.0,214652010000.0,,78596230000.0,151483710000.0,159232180000.0,186182060000.0,186182060000.0
1999-04-15 12:00:00,340884860.0,53836513000.0,82532400.0,168179240000.0,,55696978000.0,122122110000.0,124142420000.0,124838620000.0,124838620000.0
1999-05-16 00:00:00,391034720.0,29373786000.0,101903470.0,118253855000.0,,31639198000.0,88829180000.0,88205700000.0,83289010000.0,83289010000.0
1999-06-15 12:00:00,764467700.0,14335876000.0,260797840.0,63439802000.0,,17065908000.0,47541793000.0,47648490000.0,58732940000.0,58732940000.0
1999-07-16 00:00:00,725202900.0,13972733000.0,234197550.0,69412280000.0,,16359452000.0,58049348000.0,58991927000.0,62801450000.0,62801450000.0
1999-08-16 00:00:00,697353660.0,8432003600.0,347153630.0,38266710000.0,,9037833000.0,29176498000.0,29525453000.0,29966090000.0,29966090000.0
1999-09-15 12:00:00,668765900.0,3408309500.0,277212900.0,18062969000.0,,7322331000.0,12182512000.0,11975335000.0,13761483000.0,13761483000.0
1999-10-16 00:00:00,424608580.0,11526951000.0,153385940.0,50219110000.0,,13400918000.0,46302364000.0,49774960000.0,66284770000.0,66284770000.0
1999-11-15 12:00:00,439639580.0,6247468500.0,197186080.0,26566156000.0,,8278758400.0,22197174000.0,23539907000.0,38023090000.0,38023090000.0
1999-12-16 00:00:00,177307070.0,16551866000.0,89195310.0,34005821000.0,,22451704000.0,24853010000.0,27316398000.0,61138862000.0,61138862000.0
2000-01-16 00:00:00,243725330.0,17647569000.0,59691028.0,79729656000.0,,28463900000.0,72041054000.0,76339030000.0,88333880000.0,88333880000.0
2000-02-15 00:00:00,306939900.0,55700713000.0,59773004.0,107602150000.0,,56743770000.0,59239866000.0,60279177000.0,82793750000.0,82793750000.0
2000-03-16 00:00:00,125855944.0,30632747000.0,26793310.0,130429250000.0,,33359165000.0,113521074000.0,120620830000.0,153367610000.0,153367610000.0
2000-04-15 12:00:00,157641090.0,41845470000.0,171759410.0,136864104000.0,,43826622000.0,104030440000.0,105961460000.0,114354100000.0,114354100000.0
2000-05-16 00:00:00,495953440.0,21601866000.0,294978560.0,98775160000.0,,23406584000.0,74004775000.0,74532405000.0,79062490000.0,79062490000.0
2000-06-15 12:00:00,1126906400.0,21696446000.0,295601300.0,76805670000.0,,26640822000.0,61512870000.0,64255156000.0,81411750000.0,81411750000.0
2000-07-16 00:00:00,804174200.0,21492900000.0,284242700.0,79300070000.0,,30334851000.0,57212592000.0,56580633000.0,50650640000.0,50650640000.0
2000-08-16 00:00:00,659111040.0,9136018000.0,357405250.0,45059035000.0,,8768560000.0,36792685000.0,38006977000.0,36216762000.0,36216762000.0
2000-09-15 12:00:00,345015260.0,15545829000.0,164170930.0,31241077000.0,,22580126000.0,16817197000.0,16786572000.0,18528432000.0,18528432000.0
2000-10-16 00:00:00,574299100.0,4537737000.0,99682180.0,24548895000.0,,12549879000.0,21460273000.0,22396932000.0,29950966000.0,29950966000.0
2000-11-15 12:00:00,202993250.0,20357837000.0,81431200.0,44955380000.0,,22997705000.0,31314612000.0,32449876000.0,36933570000.0,36933570000.0
2000-12-16 00:00:00,344605980.0,15739544000.0,78741010.0,35636810000.0,,19756716000.0,25321273000.0,28324557000.0,41915507000.0,41915507000.0
2001-01-16 00:00:00,511811940.0,30819470000.0,23587486.0,58365290000.0,,37316284000.0,36035756000.0,37990100000.0,81282900000.0,81282900000.0
2001-02-14 12:00:00,438750940.0,36227293000.0,12520618.0,113881850000.0,,40097630000.0,87935830000.0,90493490000.0,89665520000.0,89665520000.0
2001-03-16 00:00:00,175526380.0,62988680000.0,9867434.0,133576835000.0,,71147676000.0,78476370000.0,80329530000.0,105755050000.0,105755050000.0
2001-04-15 12:00:00,146590880.0,73640530000.0,9134388.0,165274900000.0,,79509370000.0,97565340000.0,101577155000.0,113910590000.0,113910590000.0
2001-05-16 00:00:00,568119360.0,45525406000.0,41456970.0,100618550000.0,,45155010000.0,57580225000.0,60753314000.0,67126493000.0,67126493000.0
2001-06-15 12:00:00,1046052900.0,25732405000.0,83982190.0,76412500000.0,,28077420000.0,52685680000.0,50731123000.0,49653985000.0,49653985000.0
2001-07-16 00:00:00,753732740.0,15907787000.0,163000380.0,49366590000.0,,19458150000.0,35226624000.0,36661453000.0,39609094000.0,39609094000.0
2001-08-16 00:00:00,834562000.0,16502664000.0,114475560.0,44006527000.0,,22544409000.0,25223078000.0,24729170000.0,27230552000.0,27230552000.0
2001-09-15 12:00:00,418425060.0,6982484000.0,59056868.0,23669410000.0,,8346515500.0,17404148000.0,17995119000.0,21515706000.0,21515706000.0
2001-10-16 00:00:00,724366800.0,10085183000.0,58141916.0,19114700000.0,,14661324000.0,11231299000.0,11913196000.0,19531071000.0,19531071000.0
2001-11-15 12:00:00,376417730.0,16072509000.0,27035424.0,30601214000.0,,21981092000.0,18198532000.0,19090874000.0,32027722000.0,32027722000.0
2001-12-16 00:00:00,214956350.0,18135843000.0,18768828.0,49259810000.0,,29298733000.0,40423006000.0,43945267000.0,59224134000.0,59224134000.0
2002-01-16 00:00:00,324034940.0,46156644000.0,17240646.0,98960940000.0,,44729975000.0,60255870000.0,62527214000.0,84704560000.0,84704560000.0
2002-02-14 12:00:00,105628960.0,32505350000.0,7428608.5,66568204000.0,,49318440000.0,45977460000.0,48612164000.0,54924194000.0,54924194000.0
2002-03-16 00:00:00,157558380.0,94871760000.0,6867669.0,175912140000.0,,95571755000.0,93956290000.0,98366210000.0,132972240000.0,132972240000.0
2002-04-15 12:00:00,99077800.0,58163552000.0,29021208.0,151432350000.0,,62739517000.0,97589395000.0,99351440000.0,107260764000.0,107260764000.0
2002-05-16 00:00:00,515603100.0,28575218000.0,35597436.0,93269130000.0,,29386355000.0,63352955000.0,62074790000.0,65330290000.0,65330290000.0
2002-06-15 12:00:00,1273403000.0,19924720000.0,474048930.0,66428994000.0,,21727070000.0,46471754000.0,47506035000.0,48257180000.0,48257180000.0
2002-07-16 00:00:00,981073800.0,29946360000.0,475977630.0,68857140000.0,,38650958000.0,51773040000.0,56156377000.0,68480893000.0,68480893000.0
2002-08-16 00:00:00,617953340.0,25464610000.0,188980460.0,69267630000.0,,33642610000.0,37441580000.0,35700957000.0,35644473000.0,35644473000.0
2002-09-15 12:00:00,218456130.0,9851535000.0,103030200.0,31233910000.0,,10396120000.0,23258364000.0,23924340000.0,28854344000.0,28854344000.0
2002-10-16 00:00:00,248543120.0,6024552000.0,41933788.0,27629170000.0,,9750842000.0,24716116000.0,26725738000.0,44732748000.0,44732748000.0
2002-11-15 12:00:00,567857200.0,17096773000.0,25799618.0,60046512000.0,,21857425000.0,50991374000.0,53744680000.0,68204960000.0,68204960000.0
2002-12-16 00:00:00,404120420.0,13189372000.0,33755464.0,46730007000.0,,20871092000.0,39272886000.0,40649994000.0,60821025000.0,60821025000.0
2003-01-16 00:00:00,384609180.0,23663034000.0,15418378.0,83678760000.0,,27177568000.0,70194495000.0,74915270000.0,93389740000.0,93389740000.0
2003-02-14 12:00:00,108965100.0,22859637000.0,6451340.0,66915156000.0,,23694020000.0,46586196000.0,47609336000.0,50260054000.0,50260054000.0
2003-03-16 00:00:00,177144290.0,34208817000.0,5465656.5,77819440000.0,,33787193000.0,49763230000.0,51501460000.0,85847490000.0,85847490000.0
2003-04-15 12:00:00,101310616.0,60498096000.0,12387395.0,142608090000.0,,63036318000.0,93615150000.0,97503805000.0,101157870000.0,101157870000.0
2003-05-16 00:00:00,476566620.0,22694769000.0,44679844.0,77890700000.0,,26032833000.0,51173060000.0,49410654000.0,45437727000.0,45437727000.0
2003-06-15 12:00:00,1071885200.0,14195203000.0,99468730.0,49780687000.0,,19049847000.0,35343160000.0,35670640000.0,40288416000.0,40288416000.0
2003-07-16 00:00:00,799833600.0,11293006000.0,283158820.0,38518100000.0,,11494301000.0,28571015000.0,29828958000.0,29723920000.0,29723920000.0
2003-08-16 00:00:00,576576260.0,7276675000.0,327536700.0,23439428000.0,,8856400000.0,15647114000.0,16806406000.0,18399640000.0,18399640000.0
2003-09-15 12:00:00,283683200.0,3928518100.0,160383040.0,17318105000.0,,6113452000.0,10687336000.0,9350567000.0,10619360000.0,10619360000.0
2003-10-16 00:00:00,439812160.0,3213869800.0,128230220.0,16237843000.0,,4003378700.0,16111150000.0,17735363000.0,22317244000.0,22317244000.0
2003-11-15 12:00:00,278925900.0,3856002000.0,78881160.0,21760952000.0,,7032292400.0,19304632000.0,19603878000.0,24674216000.0,24674216000.0
2003-12-16 00:00:00,471307780.0,12982438000.0,47026656.0,32107457000.0,,24119632000.0,25318054000.0,27611615000.0,47566463000.0,47566463000.0
2004-01-16 00:00:00,124309660.0,51613573000.0,16362209.0,117552010000.0,,56827480000.0,81113555000.0,85571810000.0,106587185000.0,106587185000.0
2004-02-15 00:00:00,95936610.0,29021143000.0,10769120.0,62497670000.0,,32732727000.0,33930686000.0,33420755000.0,37879230000.0,37879230000.0
2004-03-16 00:00:00,100917790.0,31086604000.0,8853100.0,75161500000.0,,32874350000.0,50071417000.0,52165700000.0,61719273000.0,61719273000.0
2004-04-15 12:00:00,107947840.0,27760134000.0,20865038.0,73167970000.0,,31586152000.0,48491380000.0,50053910000.0,64134380000.0,64134380000.0
2004-05-16 00:00:00,452600160.0,18526798000.0,164327330.0,56546345000.0,,18620590000.0,37543936000.0,36962460000.0,33548020000.0,33548020000.0
2004-06-15 12:00:00,906326500.0,7546779600.0,219511840.0,34598334000.0,,8528088600.0,26310638000.0,27097872000.0,29656648000.0,29656648000.0
2004-07-16 00:00:00,644122600.0,15617134000.0,201601010.0,44974190000.0,,20053092000.0,31396315000.0,32236098000.0,36578940000.0,36578940000.0
2004-08-16 00:00:00,830985500.0,15313638000.0,280222600.0,33038926000.0,,22333334000.0,18802878000.0,19442311000.0,20045690000.0,20045690000.0
2004-09-15 12:00:00,586545400.0,7170325000.0,147482430.0,22561763000.0,,7070857000.0,17003556000.0,18828343000.0,27928814000.0,27928814000.0
2004-10-16 00:00:00,401741280.0,5233091600.0,95213910.0,24039723000.0,,10457071000.0,20875504000.0,20526850000.0,27215766000.0,27215766000.0
2004-11-15 12:00:00,589025500.0,11622919000.0,83857810.0,45888795000.0,,17915300000.0,43301960000.0,46757830000.0,56774943000.0,56774943000.0
2004-12-16 00:00:00,441792670.0,18620805000.0,22474134.0,45263620000.0,,26559062000.0,32204925000.0,33723982000.0,56287285000.0,56287285000.0
2005-01-16 00:00:00,116482130.0,29537667000.0,17401100.0,93174890000.0,,31962188000.0,70210170000.0,72511360000.0,76502810000.0,76502810000.0
2005-02-14 12:00:00,233389550.0,24436886000.0,22006944.0,50094727000.0,,27198112000.0,27176034000.0,27448492000.0,38895985000.0,38895985000.0
2005-03-16 00:00:00,544493950.0,36756468000.0,15985554.0,82590860000.0,,37257920000.0,51401953000.0,53471646000.0,62322510000.0,62322510000.0
2005-04-15 12:00:00,432801120.0,22510924000.0,19294934.0,82683990000.0,,23210711000.0,63100330000.0,64285590000.0,74354880000.0,74354880000.0
2005-05-16 00:00:00,1070955500.0,12322657000.0,152227800.0,60172784000.0,,16790503000.0,47715254000.0,48331686000.0,46600237000.0,46600237000.0
2005-06-15 12:00:00,634286340.0,10649693000.0,272581980.0,31658754000.0,,10377163000.0,20298150000.0,20158980000.0,19169106000.0,19169106000.0
2005-07-16 00:00:00,242868660.0,4415751000.0,250395600.0,20932327000.0,,5664588000.0,16282444000.0,16801627000.0,16049183000.0,16049183000.0
2005-08-16 00:00:00,423094200.0,3308397600.0,316906750.0,14828657000.0,,3647188500.0,10471177000.0,10612036000.0,9701718000.0,9701718000.0
2005-09-15 12:00:00,590565900.0,1291861100.0,136597800.0,7094081000.0,,2425201700.0,5218200000.0,5323747000.0,4963038000.0,4963038000.0
2005-10-16 00:00:00,550408260.0,2398176500.0,63425524.0,6858980000.0,,7789499000.0,4769079300.0,5343080400.0,14606406000.0,14606406000.0
2005-11-15 12:00:00,274206560.0,16283237000.0,54726572.0,34161957000.0,,23602221000.0,25462796000.0,28415363000.0,44938875000.0,44938875000.0
2005-12-16 00:00:00,235242380.0,15350886000.0,48257584.0,33821966000.0,,16975611000.0,22404157000.0,22494220000.0,26870913000.0,26870913000.0
2006-01-16 00:00:00,673505400.0,28907112000.0,63505840.0,76133670000.0,,36810826000.0,58197910000.0,61702040000.0,96535990000.0,96535990000.0
2006-02-14 12:00:00,1004115650.0,39706698000.0,52660230.0,102258990000.0,,36340953000.0,69688370000.0,73012590000.0,72155700000.0,72155700000.0
2006-03-16 00:00:00,620756200.0,29002445000.0,21829330.0,82168775000.0,,24924183000.0,53780345000.0,55660960000.0,77887090000.0,77887090000.0
2006-04-15 12:00:00,168760260.0,54260300000.0,24508870.0,137029200000.0,,53552450000.0,92422850000.0,95598410000.0,105480890000.0,105480890000.0
2006-05-16 00:00:00,291134660.0,22337888000.0,217033550.0,74032850000.0,,22459517000.0,49695580000.0,48089444000.0,44217580000.0,44217580000.0
2006-06-15 12:00:00,595813700.0,7673851400.0,371894940.0,29182542000.0,,10529594000.0,21033204000.0,22322135000.0,24840294000.0,24840294000.0
2006-07-16 00:00:00,1272480900.0,11934273000.0,565612200.0,36459446000.0,,12486398000.0,23727130000.0,23377406000.0,26805550000.0,26805550000.0
2006-08-16 00:00:00,985012030.0,9675321000.0,300931260.0,21855320000.0,,13270156000.0,11858971000.0,12229381000.0,12154349000.0,12154349000.0
2006-09-15 12:00:00,620395000.0,3063885300.0,117445970.0,11083367000.0,,2882759400.0,7389083600.0,7544795600.0,7429159400.0,7429159400.0
2006-10-16 00:00:00,205693980.0,3239130000.0,101712216.0,11041353000.0,,7733952500.0,9375481000.0,10165297000.0,14669398000.0,14669398000.0
2006-11-15 12:00:00,329592800.0,18893590000.0,46432840.0,32591665000.0,,21005685000.0,22309181000.0,27535624000.0,47533646000.0,47533646000.0
2006-12-16 00:00:00,626299260.0,26575084000.0,60841228.0,56189150000.0,,42248225000.0,44121940000.0,44774330000.0,74383760000.0,74383760000.0
2007-01-16 00:00:00,269043650.0,56207348000.0,22471976.0,138965430000.0,,58888020000.0,91132535000.0,95508250000.0,112945684000.0,112945684000.0
2007-02-14 12:00:00,351236770.0,30744392000.0,12826406.0,81514810000.0,,37659144000.0,52969538000.0,52083180000.0,54226616000.0,54226616000.0
2007-03-16 00:00:00,105174104.0,50582120000.0,9458782.0,83858370000.0,,44455416000.0,38811427000.0,42114470000.0,64250528000.0,64250528000.0
2007-04-15 12:00:00,143659170.0,40893313000.0,33270316.0,134661350000.0,,42740593000.0,102462760000.0,105426360000.0,115570520000.0,115570520000.0
2007-05-16 00:00:00,283719300.0,33983986000.0,49398180.0,96977310000.0,,37198004000.0,65719820000.0,65971483000.0,75602395000.0,75602395000.0
2007-06-15 12:00:00,675223200.0,13601362000.0,168624850.0,55308560000.0,,14746255000.0,42276230000.0,43696220000.0,46266323000.0,46266323000.0
2007-07-16 00:00:00,1154721500.0,8358093300.0,280231970.0,37912490000.0,,19923354000.0,27724233000.0,27892451000.0,28097124000.0,28097124000.0
2007-08-16 00:00:00,730526140.0,17866682000.0,226136430.0,35945185000.0,,13726369000.0,18862220000.0,18804867000.0,18498918000.0,18498918000.0
2007-09-15 12:00:00,389105100.0,4158287000.0,200450400.0,15503504000.0,,4433167400.0,11996501000.0,12567477000.0,12595016000.0,12595016000.0
2007-10-16 00:00:00,637691460.0,4113998000.0,114649050.0,11410851000.0,,7120269300.0,8240466400.0,8439357000.0,24010355000.0,24010355000.0
2007-11-15 12:00:00,405256100.0,10260343000.0,76524840.0,44174910000.0,,21665403000.0,41796280000.0,45459714000.0,58331013000.0,58331013000.0
2007-12-16 00:00:00,362596130.0,37167366000.0,44003084.0,72005394000.0,,34861965000.0,43105575000.0,44453577000.0,66444480000.0,66444480000.0
2008-01-16 00:00:00,587542850.0,34748640000.0,52968890.0,90745830000.0,,44426064000.0,75529970000.0,80421585000.0,84470260000.0,84470260000.0
2008-02-15 00:00:00,254659380.0,78040670000.0,15732212.0,128041394000.0,,78764474000.0,45068610000.0,43572916000.0,61633590000.0,61633590000.0
2008-03-16 00:00:00,538489150.0,60388800000.0,19414212.0,173822840000.0,,53789100000.0,126335850000.0,133963930000.0,156243380000.0,156243380000.0
2008-04-15 12:00:00,533079550.0,42059686000.0,18991736.0,123817026000.0,,40335163000.0,82353060000.0,82216030000.0,88284860000.0,88284860000.0
2008-05-16 00:00:00,204266740.0,24388340000.0,65464756.0,72856990000.0,,24757666000.0,49233520000.0,50148710000.0,57058340000.0,57058340000.0
2008-06-15 12:00:00,310766820.0,18427787000.0,120478820.0,50940748000.0,,19438103000.0,32371055000.0,31923333000.0,41833260000.0,41833260000.0
2008-07-16 00:00:00,526980160.0,9262074000.0,303256640.0,50143994000.0,,12806906000.0,43238842000.0,44417010000.0,39846273000.0,39846273000.0
2008-08-16 00:00:00,748854660.0,9931381000.0,348118180.0,31238724000.0,,10671403000.0,21834758000.0,22396285000.0,22644244000.0,22644244000.0
2008-09-15 12:00:00,135829600.0,4472543700.0,165196350.0,16582146000.0,,5019270000.0,11843814000.0,12081517000.0,14378622000.0,14378622000.0
2008-10-16 00:00:00,436474750.0,5046100500.0,81416070.0,18761662000.0,,10989177000.0,17918444000.0,19626195000.0,28074359000.0,28074359000.0
2008-11-15 12:00:00,714264400.0,17398278000.0,51803124.0,46219270000.0,,23418092000.0,36000420000.0,37599785000.0,58621880000.0,58621880000.0
2008-12-16 00:00:00,265744220.0,19060670000.0,50121960.0,57194398000.0,,34395066000.0,45512303000.0,46824534000.0,56325990000.0,56325990000.0
2009-01-16 00:00:00,632560060.0,70094140000.0,106830904.0,128656720000.0,,66772156000.0,74431780000.0,79639070000.0,107987110000.0,107987110000.0
2009-02-14 12:00:00,619488060.0,26584814000.0,33657010.0,85435150000.0,,33531520000.0,58373816000.0,58948088000.0,66407436000.0,66407436000.0
2009-03-16 00:00:00,236954160.0,65885442000.0,25252112.0,162104980000.0,,74470860000.0,110136760000.0,115054530000.0,134705600000.0,134705600000.0
2009-04-15 12:00:00,552234800.0,66741862000.0,35360204.0,160237240000.0,,60727448000.0,95574320000.0,97728390000.0,109793850000.0,109793850000.0
2009-05-16 00:00:00,553635900.0,33476454000.0,18044220.0,107656790000.0,,28791183000.0,71512250000.0,70727160000.0,77608260000.0,77608260000.0
2009-06-15 12:00:00,409563000.0,13173687000.0,66072516.0,59097903000.0,,13196893000.0,45320454000.0,45349990000.0,43956142000.0,43956142000.0
2009-07-16 00:00:00,939162200.0,11867583000.0,107234456.0,42672124000.0,,18330460000.0,31512627000.0,31702364000.0,31960242000.0,31960242000.0
2009-08-16 00:00:00,522866530.0,21370984000.0,72918616.0,48103310000.0,,22293402000.0,28627724000.0,29335050000.0,34728280000.0,34728280000.0
2009-09-15 12:00:00,244394300.0,5822803500.0,22617576.0,21129720000.0,,9193591000.0,15493177000.0,15895874000.0,17973996000.0,17973996000.0
2009-10-16 00:00:00,466544830.0,13277521000.0,16012644.0,25535695000.0,,16165941000.0,15493868000.0,16170145000.0,20556850000.0,20556850000.0
2009-11-15 12:00:00,319933820.0,16654189000.0,22715266.0,25586266000.0,,28717770000.0,15814459000.0,16595668000.0,28314650000.0,28314650000.0
2009-12-16 00:00:00,98160290.0,47343780000.0,9719422.0,103771865000.0,,57779544000.0,77740620000.0,84911500000.0,127420710000.0,127420710000.0
